Branch_id,Employee_id,Start_Date,End_Date
29,1,2015-12-30,2019-11-28
79,2,2023-06-08,
100,3,2021-12-02,2023-06-05
434,3,2016-06-08,2016-12-11
329,4,2025-08-20,
316,5,2020-01-09,2021-01-18
339,6,2018-06-02,2020-06-09
223,7,2020-10-27,2023-12-08
477,7,2017-05-28,2019-11-15
120,8,2023-04-25,
256,9,2017-03-28,2019-11-15
390,10,2022-04-03,
415,10,2025-01-24,
297,11,2023-10-24,
356,11,2023-12-12,
260,12,2018-04-11,
183,13,2016-12-27,2017-05-03
182,14,2024-04-01,
301,14,2016-03-02,
281,15,2025-10-07,
214,16,2018-12-30,2020-12-13
436,17,2022-02-18,
378,18,2023-04-02,
143,19,2017-05-25,
119,20,2015-11-09,2017-04-10
127,21,2016-08-18,
188,22,2025-04-17,
250,23,2022-12-30,
404,24,2023-02-13,
152,25,2025-04-11,
182,26,2022-12-04,
430,26,2023-03-16,2025-06-27
137,27,2024-01-28,
288,27,2017-04-24,2020-05-02
98,28,2023-04-15,
148,29,2019-07-26,2021-01-09
211,29,2018-08-16,2019-03-30
303,30,2018-07-13,2020-05-26
171,31,2025-03-01,
480,32,2018-04-13,2021-02-20
55,33,2022-01-20,
162,33,2024-06-26,
239,34,2020-05-01,2020-09-29
27,35,2020-05-21,2021-11-28
241,35,2019-05-22,2022-08-27
355,36,2025-01-01,
438,37,2017-10-18,2019-01-01
132,38,2021-10-22,2025-09-12
456,38,2020-02-26,2025-05-14
203,39,2022-02-10,2024-12-02
387,39,2023-06-22,
307,40,2021-07-25,
227,41,2024-04-16,
30,42,2017-03-14,2022-03-23
408,42,2020-07-15,2021-06-13
286,43,2024-08-15,2025-10-14
265,44,2019-02-22,2022-10-23
183,45,2016-05-20,
157,46,2023-05-21,
348,46,2019-03-29,2019-05-07
60,47,2021-04-18,2023-08-06
192,48,2024-04-27,
397,48,2017-11-10,2020-05-31
288,49,2022-07-23,
112,50,2018-05-02,
101,51,2021-04-26,2021-10-15
162,52,2024-02-17,
35,53,2023-01-08,
198,53,2015-11-13,2019-05-14
108,54,2018-10-22,
118,54,2017-04-30,2017-06-22
124,55,2019-01-31,2023-04-26
335,56,2019-10-13,
452,56,2016-04-13,2019-04-16
93,57,2019-01-29,
451,58,2023-02-25,
48,59,2024-11-11,
234,60,2022-02-12,2024-12-10
251,60,2016-06-07,
345,61,2016-01-21,2020-12-08
19,62,2022-09-19,
21,63,2019-05-08,
235,63,2019-10-26,2021-08-20
422,64,2016-12-04,2021-10-30
295,65,2020-06-06,
313,66,2021-06-28,
340,67,2023-07-23,
11,68,2021-12-16,
278,69,2016-04-14,
473,70,2025-03-26,
151,71,2016-09-19,2020-07-31
495,72,2015-11-24,2019-06-25
143,73,2015-10-27,2018-07-23
439,73,2017-10-21,
460,74,2018-02-16,2022-08-28
234,75,2018-05-21,2018-11-06
347,75,2017-09-29,2023-01-01
237,76,2023-10-11,2025-03-30
302,76,2024-09-03,
391,77,2025-01-07,
440,78,2022-01-31,2025-04-13
470,78,2017-10-19,2023-02-10
482,79,2024-03-05,
356,80,2024-01-06,2024-06-20
301,81,2016-05-21,2021-03-25
497,81,2024-03-12,
389,82,2019-07-03,2024-05-03
85,83,2022-11-29,
261,83,2021-09-09,
14,84,2018-08-26,2019-04-17
33,84,2018-10-20,
357,85,2021-11-27,2025-02-16
399,85,2022-01-19,
239,86,2017-10-22,2021-11-06
110,87,2020-09-11,
64,88,2019-11-13,2023-02-13
498,89,2020-04-07,2024-12-14
223,90,2017-05-19,2018-11-23
281,91,2017-11-04,
139,92,2017-05-26,2017-07-04
383,93,2017-07-28,2022-01-19
190,94,2021-03-16,2022-08-16
27,95,2017-08-28,2022-02-01
228,96,2017-03-09,
82,97,2019-04-03,2023-06-27
91,98,2017-08-02,2021-05-18
384,99,2016-12-03,2019-07-19
381,100,2022-10-22,
249,101,2019-05-08,
307,101,2024-02-18,
59,102,2016-11-13,
209,103,2018-09-24,
246,103,2018-01-27,2020-06-16
142,104,2020-10-23,
261,105,2016-06-07,2019-08-28
125,106,2018-04-30,2018-10-14
482,106,2018-04-29,
430,107,2017-12-12,2021-04-27
303,108,2025-03-10,
357,108,2024-03-15,
166,109,2023-08-15,
413,109,2020-04-01,2023-06-18
394,110,2018-09-07,2020-05-21
359,111,2025-07-31,
180,112,2021-07-30,
24,113,2022-07-07,
210,114,2018-02-27,2021-01-04
181,115,2024-02-25,2024-03-27
57,116,2024-01-23,
225,117,2020-12-25,
362,117,2017-07-25,2018-03-22
5,118,2021-03-15,
92,119,2017-12-30,2021-04-09
263,120,2019-08-31,2022-06-23
312,120,2025-07-17,
209,121,2020-08-17,
443,121,2023-12-04,
18,122,2024-03-11,
127,123,2024-12-31,
35,124,2022-03-27,2024-09-04
140,124,2015-11-15,2017-11-01
28,125,2016-07-17,2021-02-23
457,126,2020-01-23,2023-10-22
350,127,2023-07-08,2023-09-19
356,128,2024-08-07,
180,129,2025-06-09,
202,129,2025-01-30,2025-04-30
116,130,2024-10-03,
320,130,2016-01-16,
406,131,2017-02-28,2021-10-25
222,132,2021-07-02,2023-11-10
497,132,2022-03-09,2022-04-16
120,133,2017-07-21,2019-03-11
322,134,2018-06-30,2023-05-31
290,135,2022-09-11,2024-01-12
86,136,2020-03-11,
468,136,2024-12-25,
188,137,2019-08-05,
500,138,2019-12-25,2021-12-05
115,139,2023-09-17,
439,140,2019-07-20,
287,141,2021-06-28,2023-06-08
427,141,2021-08-19,2022-05-01
62,142,2025-06-20,
341,143,2021-09-16,
187,144,2024-01-20,
288,145,2021-05-03,
149,146,2024-10-07,
476,147,2018-04-02,2023-01-10
280,148,2019-03-14,2020-04-01
478,148,2022-03-29,2025-09-01
448,149,2021-05-01,2023-10-30
18,150,2021-07-06,2023-06-21
178,151,2025-02-06,
410,151,2017-04-08,
356,152,2021-09-25,2025-02-04
244,153,2015-12-19,2019-05-06
112,154,2025-01-20,
233,155,2016-10-21,2021-03-06
414,156,2016-01-27,2019-10-11
343,157,2025-01-24,
353,158,2024-01-07,
214,159,2017-03-31,2018-11-18
193,160,2024-12-10,
359,160,2016-10-13,
128,161,2024-02-10,
434,162,2018-03-27,
21,163,2017-06-28,2018-02-07
55,164,2022-10-13,2023-06-21
299,165,2017-09-22,2021-04-04
275,166,2022-10-01,
285,166,2019-01-24,
129,167,2023-01-17,
486,167,2022-06-02,
62,168,2016-09-23,2019-01-23
373,168,2016-08-16,
57,169,2020-05-04,
308,169,2023-01-03,2023-03-03
413,170,2019-02-28,2019-04-23
437,170,2025-08-08,
437,171,2018-06-20,
22,172,2019-09-05,2019-11-06
99,172,2023-05-18,
175,173,2025-06-07,
356,174,2017-09-17,
193,175,2017-11-04,2023-04-17
222,176,2016-09-19,
266,176,2017-09-22,
20,177,2018-09-09,2019-05-13
399,177,2023-02-28,
211,178,2017-12-09,2019-09-21
12,179,2015-10-30,2019-06-24
83,180,2015-12-09,2018-06-06
425,181,2021-01-27,
259,182,2024-07-08,
98,183,2021-05-11,
373,183,2021-12-01,
235,184,2016-08-18,
135,185,2019-04-01,
261,185,2016-07-27,2021-05-10
165,186,2019-02-03,2020-02-20
200,186,2025-10-03,
1,187,2023-01-23,
382,188,2020-12-14,2024-11-19
254,189,2017-10-13,
389,190,2021-02-06,2023-12-08
295,191,2018-10-24,2019-03-20
324,191,2024-09-21,
121,192,2020-03-08,2024-06-28
149,193,2018-07-11,2020-02-15
21,194,2019-11-18,2024-11-14
98,195,2016-11-24,
362,195,2019-06-27,
434,196,2023-04-09,2024-03-06
458,197,2017-08-25,
470,198,2020-04-27,2020-12-05
212,199,2024-09-12,
444,200,2019-06-07,2024-03-21
478,200,2017-01-25,2018-07-23
279,201,2021-05-10,2025-08-14
353,202,2022-03-09,
296,203,2023-01-20,2023-05-04
113,204,2021-09-01,
474,204,2022-09-04,
290,205,2019-09-08,
328,205,2020-06-29,2022-07-21
302,206,2023-11-17,
191,207,2021-07-14,2022-08-12
341,208,2019-02-06,2019-12-23
224,209,2018-02-01,2019-07-07
276,210,2023-02-28,2024-03-20
175,211,2023-03-22,
273,212,2023-07-01,
326,213,2020-07-13,
386,213,2021-12-11,
399,214,2025-06-09,
402,214,2016-08-03,
458,215,2020-01-16,2024-12-13
255,216,2024-11-25,2025-02-17
67,217,2019-06-25,2024-06-04
69,218,2017-05-29,2021-09-28
147,219,2022-10-22,
187,219,2018-04-30,2018-12-11
16,220,2017-06-22,2022-11-18
145,220,2017-12-30,2018-06-27
377,221,2017-12-14,2020-12-30
430,222,2018-05-16,
439,223,2019-05-19,2024-06-10
217,224,2018-08-19,2022-11-21
241,225,2020-05-26,2021-03-30
365,226,2024-09-17,
152,227,2025-10-15,
127,228,2017-06-28,2020-09-12
202,229,2025-08-09,
280,230,2020-10-17,2023-07-18
403,230,2018-11-04,
114,231,2023-09-11,
383,231,2022-08-21,2024-07-15
303,232,2023-04-10,
69,233,2022-11-06,
245,234,2020-09-30,
234,235,2022-12-23,
25,236,2023-12-16,
96,237,2024-10-05,
412,237,2019-12-18,2021-12-22
270,238,2022-05-05,2022-08-14
365,239,2021-07-24,2022-12-07
274,240,2020-04-27,2023-03-28
424,240,2021-05-13,
91,241,2016-09-15,
408,242,2018-04-29,2020-04-06
461,242,2018-02-02,2023-02-17
258,243,2016-12-05,2019-07-08
396,243,2019-07-10,2023-04-28
29,244,2015-12-07,2019-12-12
270,245,2021-12-27,2025-09-08
425,245,2023-01-24,2024-02-21
28,246,2024-02-14,
479,246,2022-04-01,2022-10-14
365,247,2018-05-07,
304,248,2022-07-22,2025-02-17
232,249,2019-12-01,2020-05-18
267,249,2017-04-07,2021-10-05
111,250,2017-10-04,2022-12-30
448,251,2023-04-15,
317,252,2017-09-30,2021-05-27
403,253,2019-03-28,2019-09-06
365,254,2019-07-11,2022-01-23
118,255,2018-09-18,2022-04-30
45,256,2018-11-13,2020-02-23
250,257,2019-05-28,2021-09-25
101,258,2020-02-21,
299,258,2021-07-22,
150,259,2017-03-21,
44,260,2017-11-13,2021-06-19
450,260,2020-04-09,2023-07-20
70,261,2025-07-30,
79,261,2016-09-20,
50,262,2017-06-25,2020-05-23
64,262,2025-07-18,
342,263,2021-02-20,2023-06-09
164,264,2024-11-04,
175,265,2024-08-06,
393,265,2017-05-05,
358,266,2017-01-03,2021-08-07
359,266,2021-05-07,2024-12-22
340,267,2020-01-27,2024-02-25
324,268,2021-11-05,2024-08-21
140,269,2024-01-19,
355,270,2019-03-14,
461,270,2018-08-14,2022-09-27
179,271,2017-11-30,2021-06-20
418,272,2020-01-07,2020-05-07
59,273,2020-09-07,2023-05-16
381,274,2022-01-31,
443,275,2022-12-08,
168,276,2023-03-16,
192,277,2018-03-26,2021-01-10
228,278,2023-06-03,
199,279,2016-11-04,
273,280,2016-03-24,2016-07-30
341,281,2025-01-09,
1,282,2020-07-13,
303,282,2020-11-24,2022-06-02
323,283,2018-02-12,2023-01-23
16,284,2016-12-18,2022-04-26
339,284,2019-05-05,2022-02-13
202,285,2021-05-26,
310,286,2017-04-01,2021-01-29
243,287,2024-02-09,
47,288,2020-08-27,
88,288,2022-07-22,
200,289,2021-01-22,2025-09-06
401,290,2017-07-24,2018-07-03
388,291,2023-08-06,
167,292,2019-11-03,2024-01-18
191,292,2017-10-14,2019-11-25
251,293,2023-06-27,2023-08-17
497,294,2019-07-11,
29,295,2018-05-23,2021-05-27
353,295,2023-04-18,2025-01-16
431,296,2021-06-23,2025-08-17
384,297,2018-03-14,
94,298,2018-03-08,2019-09-22
105,299,2018-06-12,2023-10-02
358,299,2018-08-22,
55,300,2017-02-28,2018-03-25
171,301,2021-05-20,2022-11-24
298,302,2016-01-29,
164,303,2025-02-03,
173,303,2021-05-25,
112,304,2025-08-15,
200,305,2024-03-06,
406,306,2025-03-15,2025-09-19
133,307,2025-03-04,
332,308,2025-03-08,
495,308,2016-09-21,
56,309,2024-10-16,
187,309,2017-03-23,
448,310,2018-02-03,
213,311,2021-09-18,
324,311,2018-04-14,2021-10-02
473,312,2018-10-04,
163,313,2019-04-18,
201,313,2020-11-12,2024-11-08
172,314,2021-10-06,2025-03-02
94,315,2018-01-11,2021-07-03
366,315,2017-03-02,2017-09-30
312,316,2017-03-22,2017-11-03
150,317,2017-11-30,2022-08-09
5,318,2025-04-01,
112,319,2017-02-07,2017-10-09
66,320,2021-06-03,2022-08-06
418,321,2022-11-14,2023-10-30
128,322,2020-12-07,
43,323,2018-01-12,2021-07-09
148,323,2024-12-15,
270,324,2022-10-28,
181,325,2016-11-15,2017-06-07
192,325,2025-02-05,
224,326,2018-05-02,
173,327,2019-07-20,2020-07-01
355,328,2021-09-03,2022-06-25
14,329,2016-01-21,
280,329,2022-03-08,
100,330,2025-09-28,
394,331,2024-02-24,
91,332,2018-12-26,
409,332,2023-03-02,2024-01-20
54,333,2021-08-09,
438,333,2020-11-19,2023-10-04
180,334,2016-10-20,
210,335,2022-06-09,2023-05-25
211,335,2019-11-27,2024-10-02
185,336,2022-03-17,
256,336,2022-10-28,
460,337,2019-12-23,2024-04-22
473,338,2024-06-05,
372,339,2018-02-18,2021-04-11
479,340,2019-10-02,2022-02-03
159,341,2016-08-16,
180,341,2017-05-24,2021-04-10
278,342,2024-07-23,
6,343,2024-08-02,
329,343,2019-07-28,
250,344,2019-02-20,2020-09-04
256,345,2020-12-04,2022-03-13
273,346,2016-09-15,
197,347,2016-12-29,2019-04-03
489,347,2021-01-07,2025-10-02
125,348,2023-05-07,
227,349,2022-09-15,
499,350,2023-03-29,
444,351,2018-01-15,2023-02-15
458,351,2016-02-26,2020-09-06
258,352,2024-07-10,2025-01-08
1,353,2023-10-10,2025-06-25
282,354,2015-11-14,2017-04-28
161,355,2025-03-30,
308,356,2022-07-23,
2,357,2022-12-22,
214,357,2025-07-05,
139,358,2021-10-27,
289,358,2021-01-06,2021-07-10
231,359,2023-02-27,
194,360,2025-08-17,
286,361,2024-10-05,
480,361,2022-04-02,2025-09-25
369,362,2023-03-17,2025-05-02
315,363,2020-11-09,2023-11-23
269,364,2020-10-03,
383,365,2019-02-16,2021-02-24
463,365,2018-06-19,
60,366,2023-01-23,
136,367,2016-12-01,
275,367,2022-12-20,
34,368,2020-12-04,2024-03-04
93,369,2022-01-02,2024-10-05
248,370,2022-09-10,
41,371,2024-03-20,
234,372,2020-10-27,
418,372,2024-12-28,
42,373,2019-08-29,
427,373,2019-12-26,2022-02-27
304,374,2016-01-17,2020-11-18
65,375,2017-08-12,2021-01-10
328,376,2017-01-26,2017-06-27
302,377,2025-09-01,
59,378,2020-11-22,2022-10-12
282,378,2021-09-20,2023-08-11
156,379,2023-09-25,2024-07-08
291,379,2025-01-19,
97,380,2018-12-19,2024-04-21
379,380,2016-01-20,2016-11-20
397,381,2017-04-01,2018-08-28
191,382,2015-12-20,
161,383,2016-08-06,2019-09-19
189,383,2018-12-09,
293,384,2021-05-14,
258,385,2023-09-21,
305,386,2021-04-13,
167,387,2018-09-16,2022-06-11
251,387,2019-07-11,2023-02-18
75,388,2017-01-29,
244,388,2023-09-03,
127,389,2025-04-10,
113,390,2019-04-17,2022-04-06
127,391,2016-01-29,2018-04-26
211,391,2025-07-02,
256,392,2020-02-29,
477,392,2022-01-18,
352,393,2018-08-07,2020-09-20
24,394,2020-10-30,
308,394,2021-04-28,2024-10-27
352,395,2024-11-21,
498,395,2017-02-18,
76,396,2021-04-08,2023-11-12
119,396,2017-11-02,2023-03-30
9,397,2022-01-28,
82,397,2021-12-06,2023-05-06
378,398,2021-11-13,2022-08-17
235,399,2020-11-06,2024-03-16
431,400,2017-03-01,
485,400,2016-12-18,2018-08-09
162,401,2019-08-07,2024-08-10
303,401,2016-12-26,
236,402,2018-04-15,2021-03-16
344,402,2020-03-10,2023-01-17
365,403,2022-04-09,
282,404,2016-10-05,2017-12-09
380,404,2021-05-30,2025-01-02
73,405,2020-11-25,
380,406,2017-12-23,
485,406,2021-08-24,2024-04-08
43,407,2016-11-11,2017-03-14
311,408,2021-02-23,2021-08-04
274,409,2024-08-10,
284,410,2020-10-05,
248,411,2016-02-08,
115,412,2020-10-05,2025-05-29
372,413,2019-05-17,2019-12-05
395,413,2024-01-23,
243,414,2024-08-24,2024-09-28
353,415,2023-08-26,
191,416,2019-11-09,2022-03-23
287,416,2022-11-18,2025-10-10
441,417,2021-01-14,
102,418,2019-10-19,2021-10-06
476,418,2024-06-02,2025-05-29
212,419,2025-04-16,
244,419,2020-05-31,2025-09-24
289,420,2021-10-25,2023-04-06
149,421,2024-09-05,
468,421,2017-05-11,
484,422,2017-06-14,
67,423,2021-11-02,
455,423,2020-11-06,2024-08-16
21,424,2023-10-20,
273,425,2018-07-04,2021-05-27
281,425,2025-01-30,
413,426,2022-02-27,2023-02-01
176,427,2020-05-16,2024-09-10
402,428,2020-07-04,2020-11-06
9,429,2016-11-29,2019-01-25
11,429,2024-02-03,2024-10-23
405,430,2020-07-27,
297,431,2023-01-23,2025-04-08
268,432,2018-04-13,2022-08-29
188,433,2018-09-29,2021-04-10
421,433,2024-07-09,
119,434,2018-07-17,2022-07-29
226,435,2018-05-14,2018-09-13
22,436,2016-01-12,
283,437,2022-06-07,
12,438,2021-04-02,
301,438,2024-04-05,
197,439,2022-04-30,2024-02-19
319,439,2018-02-28,2021-11-21
124,440,2022-01-30,2024-02-12
379,440,2018-01-01,
423,441,2020-02-17,
472,441,2018-03-16,2021-12-17
109,442,2019-07-02,2021-03-22
72,443,2016-01-16,2018-02-27
395,444,2020-02-02,
249,445,2025-05-17,
179,446,2025-01-30,
447,447,2018-08-06,2020-02-20
332,448,2018-09-03,
206,449,2017-12-06,2021-06-02
323,449,2016-07-02,
395,450,2025-05-08,
183,451,2023-06-07,
281,452,2025-08-08,
462,452,2017-09-07,2022-01-11
85,453,2016-05-12,2018-02-18
410,453,2017-07-18,2021-03-03
352,454,2019-05-10,2023-07-30
27,455,2019-06-23,2024-11-08
108,456,2024-12-24,2025-02-20
257,457,2024-07-05,
497,457,2021-04-01,
53,458,2023-04-23,
118,458,2016-03-08,2017-11-30
309,459,2024-08-03,
187,460,2025-03-12,
134,461,2021-03-22,2022-03-01
225,462,2023-03-18,
113,463,2021-01-28,2023-08-19
304,464,2020-03-11,2021-03-28
403,465,2017-04-30,
182,466,2020-03-21,
328,466,2019-04-03,
144,467,2021-09-22,2022-02-21
232,468,2024-06-18,
289,468,2018-07-18,2023-01-07
113,469,2024-10-20,
397,469,2020-03-30,2022-09-14
458,470,2022-09-10,
136,471,2016-06-13,
230,472,2024-10-28,
19,473,2016-04-17,2020-09-01
190,474,2023-09-23,2025-05-26
350,475,2018-05-30,2022-01-15
307,476,2016-12-05,2020-05-08
373,477,2021-09-01,2025-06-13
59,478,2016-06-09,2020-08-12
430,478,2019-05-18,
286,479,2025-04-22,
425,480,2020-12-31,2024-06-17
416,481,2019-09-01,
127,482,2019-02-22,2021-01-18
85,483,2022-04-21,
419,483,2020-06-23,2020-07-27
62,484,2022-04-27,
411,484,2020-05-10,2024-03-24
2,485,2016-11-14,2020-11-03
98,486,2021-11-08,2022-10-21
181,487,2021-12-23,2025-03-07
74,488,2016-08-22,
79,489,2016-06-26,2019-07-23
131,489,2024-06-05,
177,490,2024-12-29,
342,491,2021-11-11,2022-09-08
446,491,2018-10-04,2019-08-19
174,492,2025-09-24,
141,493,2018-07-19,
258,493,2018-08-24,2023-10-19
357,494,2025-08-28,
78,495,2021-06-02,2023-03-22
355,496,2018-05-12,2021-11-28
251,497,2019-11-14,
82,498,2020-09-29,2021-09-10
401,498,2023-01-09,2025-09-27
65,499,2020-10-09,2024-11-23
225,500,2022-07-16,
